{"2023.06.08 14:34:19": "C:/Users/travin.aa/Desktop/Фотофиксация/Пашков таксация/Фотофиксация - копия/Усть-Вашское/1_0_0_105_5_20230608_143419_2102.jpg", "2023.06.06 11:16:10": "C:/Users/travin.aa/Desktop/Фотофиксация/Пашков таксация/Фотофиксация - копия/Усть-Вашское/1_0_0_105_8_20230606_111610_2102.jpg", "2023.06.06 12:19:43": "C:/Users/travin.aa/Desktop/Фотофиксация/Пашков таксация/Фотофиксация - копия/Усть-Вашское/1_0_0_105_11_20230606_121943_2102.jpg", "2023.06.05 11:54:52": "C:/Users/travin.aa/Desktop/Фотофиксация/Пашков таксация/Фотофиксация - копия/Усть-Вашское/1_0_0_105_15_20230605_115452_2102.jpg", "2023.06.08 14:08:42": "C:/Users/travin.aa/Desktop/Фотофиксация/Пашков таксация/Фотофиксация - копия/Усть-Вашское/1_0_0_105_17_20230608_140842_2102.jpg", "2023.06.08 13:59:03": "C:/Users/travin.aa/Desktop/Фотофиксация/Пашков таксация/Фотофиксация - копия/Усть-Вашское/1_0_0_105_18_20230608_135903_2102.jpg", "2023.06.05 12:22:31": "C:/Users/travin.aa/Desktop/Фотофиксация/Пашков таксация/Фотофиксация - копия/Усть-Вашское/1_0_0_105_20_20230605_122231_2102.jpg", "2023.06.08 15:23:11": "C:/Users/travin.aa/Desktop/Фотофиксация/Пашков таксация/Фотофиксация - копия/Усть-Вашское/1_0_0_105_22_20230608_152311_2102.jpg", "2023.06.08 12:46:37": "C:/Users/travin.aa/Desktop/Фотофиксация/Пашков таксация/Фотофиксация - копия/Усть-Вашское/1_0_0_106_2_20230608_124637_2102.jpg", "2023.06.12 14:01:15": "C:/Users/travin.aa/Desktop/Фотофиксация/Пашков таксация/Фотофиксация - копия/Усть-Вашское/1_0_0_106_3_20230612_140115_2102.jpg", "2023.06.12 14:00:06": "C:/Users/travin.aa/Desktop/Фотофиксация/Пашков таксация/Фотофиксация - копия/Усть-Вашское/1_0_0_106_4_20230612_140006_2102.jpg", "2023.06.08 12:29:07": "C:/Users/travin.aa/Desktop/Фотофиксация/Пашков таксация/Фотофиксация - копия/Усть-Вашское/1_0_0_106_8_20230608_122907_2102.jpg", "2023.06.08 11:38:26": "C:/Users/travin.aa/Desktop/Фотофиксация/Пашков таксация/Фотофиксация - копия/Усть-Вашское/1_0_0_106_9_20230608_113826_2102.jpg", "2023.06.08 12:56:56": "C:/Users/travin.aa/Desktop/Фотофиксация/Пашков таксация/Фотофиксация - копия/Усть-Вашское/1_0_0_106_10_20230608_125656_2102.jpg", "2023.06.08 13:06:26": "C:/Users/travin.aa/Desktop/Фотофиксация/Пашков таксация/Фотофиксация - копия/Усть-Вашское/1_0_0_106_14_20230608_130626_2102.jpg", "2023.06.08 13:20:27": "C:/Users/travin.aa/Desktop/Фотофиксация/Пашков таксация/Фотофиксация - копия/Усть-Вашское/1_0_0_106_15_20230608_132027_2102.jpg", "2023.06.08 13:38:28": "C:/Users/travin.aa/Desktop/Фотофиксация/Пашков таксация/Фотофиксация - копия/Усть-Вашское/1_0_0_106_16_20230608_133828_2102.jpg", "2023.06.08 13:27:01": "C:/Users/travin.aa/Desktop/Фотофиксация/Пашков таксация/Фотофиксация - копия/Усть-Вашское/1_0_0_106_18_20230608_132701_2102.jpg", "2023.06.06 13:12:55": "C:/Users/travin.aa/Desktop/Фотофиксация/Пашков таксация/Фотофиксация - копия/Усть-Вашское/1_0_0_106_21_20230606_131255_2102.jpg", "2023.06.08 11:25:49": "C:/Users/travin.aa/Desktop/Фотофиксация/Пашков таксация/Фотофиксация - копия/Усть-Вашское/1_0_0_107_4_20230608_112549_2102.jpg", "2023.06.05 11:03:01": "C:/Users/travin.aa/Desktop/Фотофиксация/Пашков таксация/Фотофиксация - копия/Усть-Вашское/1_0_0_107_5_20230605_110301_2102.jpg", "2023.06.13 11:41:18": "C:/Users/travin.aa/Desktop/Фотофиксация/Пашков таксация/Фотофиксация - копия/Усть-Вашское/1_0_0_107_7_20230613_114118_2102.jpg", "2023.06.08 11:58:19": "C:/Users/travin.aa/Desktop/Фотофиксация/Пашков таксация/Фотофиксация - копия/Усть-Вашское/1_0_0_107_9_20230608_115819_2102.jpg"}